{
  "count": 77,
  "mean": 1.3811283608675855,
  "min": 0.2903479974935412,
  "max": 5.187659327919282,
  "last": 2.1152740329573407,
  "rss_mb_max": 859.2578125,
  "rss_mb_last": 859.2578125,
  "cuda_allocated_mb_max": 0.0,
  "cuda_allocated_mb_last": 0.0,
  "total_steps": 385,
  "tracked_steps": 77,
  "tracking_frequency": 5,
  "vanishing_episodes": 0,
  "steps": 77,
  "vanishing_steps": [],
  "note": "Per-parameter tracking removed for memory efficiency"
}