{
  "count": 195,
  "mean": 19.435876863734457,
  "min": 4.3620960360303345,
  "max": 22.3230753219734,
  "last": 21.96267853847424,
  "rss_mb_max": 7869.40625,
  "rss_mb_last": 7869.40625,
  "cuda_allocated_mb_max": 0.0,
  "cuda_allocated_mb_last": 0.0,
  "total_steps": 976,
  "tracked_steps": 195,
  "tracking_frequency": 5,
  "vanishing_episodes": 0,
  "steps": 195,
  "vanishing_steps": [],
  "note": "Per-parameter tracking removed for memory efficiency"
}
