{
  "count": 80,
  "mean": 1.3469206299355994,
  "min": 0.28305291130628707,
  "max": 3.9889813220416626,
  "last": 3.0870017706355237,
  "rss_mb_max": 821.55859375,
  "rss_mb_last": 821.55859375,
  "cuda_allocated_mb_max": 0.0,
  "cuda_allocated_mb_last": 0.0,
  "total_steps": 400,
  "tracked_steps": 80,
  "tracking_frequency": 5,
  "vanishing_episodes": 0,
  "steps": 80,
  "vanishing_steps": [],
  "note": "Per-parameter tracking removed for memory efficiency"
}