{
  "steps": 6755,
  "vanishing_steps": [],
  "global_norms_count": 500,
  "tracked_parameters": 42,
  "tracker_memory_mb": 0.045814697265625,
  "min_gradient_norm": 0.1055535112606542,
  "max_gradient_norm": 0.6023437387215089,
  "mean_gradient_norm": 0.28959888436685277
}