{
  "count": 195,
  "mean": 11.92132718769516,
  "min": 4.173632346059861,
  "max": 24.42656104151323,
  "last": 24.4079221262512,
  "rss_mb_max": 7883.7265625,
  "rss_mb_last": 7883.7265625,
  "cuda_allocated_mb_max": 0.0,
  "cuda_allocated_mb_last": 0.0,
  "total_steps": 976,
  "tracked_steps": 195,
  "tracking_frequency": 5,
  "vanishing_episodes": 0,
  "steps": 195,
  "vanishing_steps": [],
  "note": "Per-parameter tracking removed for memory efficiency"
}