{
  "count": 390,
  "mean": 6.4208886793516,
  "min": 2.2791557289364306,
  "max": 7.47341997001714,
  "last": 6.62874589776517,
  "rss_mb_max": 18118.28125,
  "rss_mb_last": 18118.28125,
  "cuda_allocated_mb_max": 0.0,
  "cuda_allocated_mb_last": 0.0,
  "total_steps": 1952,
  "tracked_steps": 390,
  "tracking_frequency": 5,
  "vanishing_episodes": 0,
  "steps": 390,
  "vanishing_steps": [],
  "note": "Per-parameter tracking removed for memory efficiency"
}