{
  "train_losses": [
    0.3530535399913788,
    0.15021303265470348,
    0.1274843736462397,
    0.1097289092124325,
    0.0945173776006862,
    0.08241173801050611,
    0.07262058061075537,
    0.06251274204927765,
    0.05316488957670454,
    0.04696628877459324
  ],
  "val_losses": [
    0.18187975883483887,
    0.15050539871056876,
    0.14488516747951508,
    0.13817117114861807,
    0.12938807904720306,
    0.11291794975598653,
    0.15769595901171365,
    0.14765756328900656,
    0.13429777324199677,
    0.1184002657731374
  ],
  "test_losses": [
    NaN,
    NaN,
    NaN,
    NaN,
    NaN,
    NaN,
    NaN,
    NaN,
    NaN,
    NaN
  ],
  "learning_rates": [
    0.0001,
    0.0001,
    0.0001,
    0.0001,
    9e-05,
    8.1e-05,
    7.290000000000001e-05,
    6.561e-05,
    5.904900000000001e-05,
    5.3144100000000005e-05
  ],
  "final_results": {
    "train": 0.04696628877459324,
    "val": 0.1184002657731374,
    "test": NaN
  },
  "config": {
    "data": "custom",
    "root_path": "data",
    "data_path": "synthetic_multi_wave.csv",
    "target": "target_0,target_1,target_2",
    "task_name": "long_term_forecast",
    "is_training": 1,
    "model_id": "enhanced_pgat_debug",
    "checkpoints": "./checkpoints/",
    "features": "M",
    "freq": "H",
    "embed": "timeF",
    "seq_len": 96,
    "label_len": 48,
    "pred_len": 24,
    "enc_in": 12,
    "dec_in": 12,
    "c_out": 3,
    "c_out_evaluation": 3,
    "d_model": 128,
    "n_heads": 4,
    "d_ff": 256,
    "dropout": 0.2,
    "factor": 3,
    "learning_rate": 0.0001,
    "lradj": "type3",
    "train_epochs": 3,
    "patience": 5,
    "batch_size": 32,
    "num_workers": 1,
    "use_amp": false,
    "weight_decay": "1e-3",
    "gradient_clip_val": 0.5,
    "enable_memory_optimization": true,
    "memory_chunk_size": 32,
    "model": "Enhanced_SOTA_PGAT",
    "num_wave_features": 7,
    "use_multi_scale_patching": true,
    "patch_len": 16,
    "stride": 8,
    "num_wave_patch_latents": 16,
    "num_target_patch_latents": 8,
    "use_hierarchical_mapper": true,
    "use_attention_temp_to_spatial": true,
    "use_stochastic_learner": false,
    "use_gated_graph_combiner": false,
    "enable_dynamic_graph": true,
    "enable_graph_attention": true,
    "use_mixture_density": false,
    "use_mixture_decoder": false,
    "use_dynamic_edge_weights": true,
    "use_adaptive_temporal": true,
    "enable_graph_positional_encoding": true,
    "enable_structural_pos_encoding": true,
    "base_adjacency_weight": 0.6,
    "adaptive_adjacency_weight": 0.4,
    "adjacency_diagonal_value": 0.05,
    "loss": "mse",
    "loss_function_type": "mse",
    "quantile_levels": []
  },
  "model_params": {
    "total": 4492795,
    "trainable": 4492795
  }
}